<?xml version="1.0" encoding="UTF-8"?>
<project-private xmlns="http://www.netbeans.org/ns/project-private/1">
    <editor-bookmarks xmlns="http://www.netbeans.org/ns/editor-bookmarks/2" lastBookmarkId="0"/>
    <open-files xmlns="http://www.netbeans.org/ns/projectui-open-files/2">
        <group>
            <file>file:/H:/NEU/Java_Netbeans/Git_Final_Project/explorers/DrugManagement/src/Business/PostClinicalPerson/PostClinicalPerson.java</file>
            <file>file:/H:/NEU/Java_Netbeans/Git_Final_Project/explorers/DrugManagement/src/UserInterface/PharmaRole/PharmaRequestJPanel.java</file>
            <file>file:/H:/NEU/Java_Netbeans/Git_Final_Project/explorers/DrugManagement/src/UserInterface/SystemAdminWorkArea/Disease/AddDiseaseJPanel.java</file>
            <file>file:/H:/NEU/Java_Netbeans/Git_Final_Project/explorers/DrugManagement/src/Business/Person/PersonDirectory.java</file>
            <file>file:/H:/NEU/Java_Netbeans/Git_Final_Project/explorers/DrugManagement/src/UserInterface/PostClinicalPubSecRole/PostClinicalPubSecJPanel.java</file>
            <file>file:/H:/NEU/Java_Netbeans/Git_Final_Project/explorers/DrugManagement/src/UserInterface/PostClinicalPubSecRole/SearchPersonJPanel.java</file>
            <file>file:/H:/NEU/Java_Netbeans/Git_Final_Project/explorers/DrugManagement/src/UserInterface/PreClinicalPubSecRole/SearchPersonJPanel.java</file>
            <file>file:/H:/NEU/Java_Netbeans/Git_Final_Project/explorers/DrugManagement/src/Business/PostClinicalReport/PostClinicalReportDirectory.java</file>
            <file>file:/H:/NEU/Java_Netbeans/Git_Final_Project/explorers/DrugManagement/src/UserInterface/PostClinicalTrail/PostClinicalProcessJPanel.java</file>
            <file>file:/H:/NEU/Java_Netbeans/Git_Final_Project/explorers/DrugManagement/src/UserInterface/ProgressBar/ProgressBarJPanel.java</file>
            <file>file:/H:/NEU/Java_Netbeans/Git_Final_Project/explorers/DrugManagement/src/UserInterface/AuthorityRole/AuthorityCheckRequestJPanel.java</file>
            <file>file:/H:/NEU/Java_Netbeans/Git_Final_Project/explorers/DrugManagement/src/Business/PharmaMoney/PharmaMoney.java</file>
            <file>file:/H:/NEU/Java_Netbeans/Git_Final_Project/explorers/DrugManagement/src/UserInterface/PreClinicalTrialRole/PreClinicalTrialSendEmailJPanel.java</file>
            <file>file:/H:/NEU/Java_Netbeans/Git_Final_Project/explorers/DrugManagement/src/Business/Request/Request.java</file>
            <file>file:/H:/NEU/Java_Netbeans/Git_Final_Project/explorers/DrugManagement/src/UserInterface/PharmaRole/PharmaWorkAreaJPanel.java</file>
            <file>file:/H:/NEU/Java_Netbeans/Git_Final_Project/explorers/DrugManagement/src/UserInterface/InsuranceRole/InsurancePostClinicalDistribution.java</file>
            <file>file:/H:/NEU/Java_Netbeans/Git_Final_Project/explorers/DrugManagement/src/Business/PostClinicalPerson/PostClinicalPersonDirectory.java</file>
            <file>file:/H:/NEU/Java_Netbeans/Git_Final_Project/explorers/DrugManagement/src/UserInterface/AdministrativeRole/ManageUserAccountJPanel.java</file>
            <file>file:/H:/NEU/Java_Netbeans/Git_Final_Project/explorers/DrugManagement/src/UserInterface/InsuranceRole/InsurancePreClinicalDistribution.java</file>
            <file>file:/H:/NEU/Java_Netbeans/Git_Final_Project/explorers/DrugManagement/src/Business/Vaccine/Vaccine.java</file>
            <file>file:/H:/NEU/Java_Netbeans/Git_Final_Project/explorers/DrugManagement/src/Business/Request/RequestList.java</file>
            <file>file:/H:/NEU/Java_Netbeans/Git_Final_Project/explorers/DrugManagement/src/UserInterface/PreClinicalPubSecRole/PreClinicalPubSecJPanel.java</file>
            <file>file:/H:/NEU/Java_Netbeans/Git_Final_Project/explorers/DrugManagement/src/Business/Person/Person.java</file>
            <file>file:/H:/NEU/Java_Netbeans/Git_Final_Project/explorers/DrugManagement/src/UserInterface/PostClinicalTrail/PostClinicalTrialSendEmailJPanel.java</file>
            <file>file:/H:/NEU/Java_Netbeans/Git_Final_Project/explorers/DrugManagement/src/UserInterface/AuthorityRole/AuthorityCheckForPostCTRequestJPanel.java</file>
            <file>file:/H:/NEU/Java_Netbeans/Git_Final_Project/explorers/DrugManagement/src/Business/Employee/Employee.java</file>
            <file>file:/H:/NEU/Java_Netbeans/Git_Final_Project/explorers/DrugManagement/src/UserInterface/InsuranceRole/InsuranceWorkAreaJPanel.java</file>
            <file>file:/H:/NEU/Java_Netbeans/Git_Final_Project/explorers/DrugManagement/src/UserInterface/SystemAdminWorkArea/Disease/ManageDiseaseCatalog.java</file>
            <file>file:/H:/NEU/Java_Netbeans/Git_Final_Project/explorers/DrugManagement/src/UserInterface/PostClinicalTrail/PostClinicalTrialCalculationJPanel.java</file>
            <file>file:/H:/NEU/Java_Netbeans/Git_Final_Project/explorers/DrugManagement/src/Business/UserAccount/UserAccountDirectory.java</file>
            <file>file:/H:/NEU/Java_Netbeans/Git_Final_Project/explorers/DrugManagement/src/UserInterface/PostClinicalTrail/PostClinicalTrialJPanel.java</file>
            <file>file:/H:/NEU/Java_Netbeans/Git_Final_Project/explorers/DrugManagement/src/UserInterface/AdministrativeRole/ManageEmployeeJPanel.java</file>
            <file>file:/H:/NEU/Java_Netbeans/Git_Final_Project/explorers/DrugManagement/src/Business/PostClinicalReport/PostClinicalTrialDataEntry.java</file>
            <file>file:/H:/NEU/Java_Netbeans/Git_Final_Project/explorers/DrugManagement/src/UserInterface/PreClinicalTrialRole/PreClinicalTrialProcessJpanel.java</file>
            <file>file:/H:/NEU/Java_Netbeans/Git_Final_Project/explorers/DrugManagement/src/UserInterface/AdministrativeRole/AdminWorkAreaJPanel.java</file>
            <file>file:/H:/NEU/Java_Netbeans/Git_Final_Project/explorers/DrugManagement/src/Business/Role/PreClinicalPubSecRole.java</file>
            <file>file:/H:/NEU/Java_Netbeans/Git_Final_Project/explorers/DrugManagement/src/UserInterface/PreClinicalTrialRole/PreClinicalTrialJPanel.java</file>
            <file>file:/H:/NEU/Java_Netbeans/Git_Final_Project/explorers/DrugManagement/src/UserInterface/AuthorityRole/AuthorityWorkAreaJPanel.java</file>
            <file>file:/H:/NEU/Java_Netbeans/Git_Final_Project/explorers/DrugManagement/src/Business/PostClinicalReport/PostClinicalReport.java</file>
            <file>file:/H:/NEU/Java_Netbeans/Git_Final_Project/explorers/DrugManagement/src/Business/ClinicalReport/ClinicalReportDirectory.java</file>
            <file>file:/H:/NEU/Java_Netbeans/Git_Final_Project/explorers/DrugManagement/src/Business/Role/InsuranceRole.java</file>
        </group>
    </open-files>
</project-private>
